id,sentiment,content
1956971981,insomnia  ,"People with insomnia can�t fall asleep, stay asleep or get enough restful slumber"
1956983690,insomnia  ,I am Waking up during the night
1956987381,insomnia  ,I Waking earlier than desired.
1956987904,insomnia  ,I can't sleep...I keep thinking about the puppy I played with today
1956987950,insomnia  ,I am Facing Difficulty falling asleep and/or waking up in the middle of the night.
1956989514,insomnia  ,I am Facing Difficulty returning to sleep.
1957000290,insomnia  ,"I cant sleep, but im too sore to move"
1957027495,insomnia  ,Is going to sleep not peaceful  wanted to hear him say Good Night but that didn't happen  Good Night everyone....
1957037860,insomnia  ,"Scary lightning and thunder  I'm glad it's over now. Going to sleep, I hope I'm not late to school tomorow again. Haha"
1957048027,insomnia  , I am facing Problems with concentration or memory.
1957058504,insomnia  , I won't sleep until you give us Chapter 1... I might die first though...  Hurry!
1957062827,insomnia  ,I have Unhealthy lifestyle and sleep habits.
1957068229,insomnia  ,"Nearly fell asleep, but was jolted out of bed by a massive panic attack and now I'm not sure if I can sleep at all."
1957079130,insomnia  ,My bed is not comfortable
1957079622,insomnia  ,is not sleeping because he has paperwork to do.
1957080579,insomnia  ,I'm poorly and can't sleep
1957082086,insomnia  ,"Looks like another sleepless night dedicated to homework. Sorry in advance, Ms. Chapman."
1957084742,insomnia  ,I am using recreational drugs like cocaine or ecstasy.
1957093471,insomnia  ,I am wake up several times during the night
1957106916,insomnia  ,So exhausted..can't sleep. I don't like these nights
1957109545,insomnia  ,Cannot sleep. 2+ hours of tossing and turning.
1957114960,insomnia  ,wake up early and cannot go back to sleep
1957123281,insomnia  ,I can't fall asleep
1957126750,insomnia  ,I am still feel tired after waking up
1957133923,insomnia  ,"I can't sleep, this is so darn frustrating."
1957139854,insomnia  ,feel tired and irritable during the day
1957140966,insomnia  ,find it difficult to concentrate during the day because you're tired
1957145956,insomnia  ,"I am watching television or use devices, like smartphones, right before going to bed, because the bright light makes you more awake"
1957146363,insomnia  ,I was too sleepy earlier and i didnt get to see matt
1957150332,insomnia  ," I see alot of your posts your exercising like mad,not eating or sleeping"
1957154452,insomnia  ,well I just randomly woke up and now I can't sleep! Too many things on my mind
1957158373,insomnia  ,I cant to sleep and tomorrow i must wake up too early
1957162285,insomnia  ,I keep on falling asleep when I'm suppose to be awake. I miss my babyy..
1957163152,insomnia  ,I need to wake up earlier so I'm actually tired enough to fall asleep
1957180100,insomnia  ,My tongue still hurts.  I can not sleep!!!
1957183110,insomnia  ,"I can not sleep all of sunday, my enevitable hangover may require it!"
1957183149,insomnia  ,my room is too hot or cold
1957191925,insomnia  ,I can't sleep. I can't find my grandmother's quilt or locket. I'm sick at myself cause I may have lost them somehow. Or they were stolen
1957194036,insomnia  ,"Feeling so rough today, just want a cuddle and some sleep"
1957195455,insomnia  ,uncomfortable beds
1957196855,insomnia  ,I am Not feeling well-rested after a night's sleep
1957216150,insomnia  , I have Daytime tiredness or sleepiness
1957219313,insomnia  ,Never has a chance of sleeping before midnight  my mind is so tired......
1957224360,insomnia  , Unfortunatly i can't sleep n tomorrow.  
1957225624,insomnia  ,"meh, almost didn't sleep, ain't finished anything"
1957238263,insomnia  ,Insomniaaaaaaa..... all night trying to get a sleep... But no result
1957254860,insomnia  ," I am facing Difficulty paying attention, focusing on tasks or remembering"
1957265116,insomnia  ,no sleeping for me im at work   it will be summer break soon. Tell them to get there butts out of bed lol
1957271323,insomnia  ,Why am I having such a hard time falling asleep
1957284135,insomnia  ,I've had a sore throat since monday morning I'm just sick of it hurtin and I want some freakin sleep!
1957314701,insomnia  ,i cant sleep
1957333645,insomnia  ,Tired. About to climb into bed and fall asleep. I hope this weekend will be fun... I only have a couple of weeks left
1957336824,insomnia  ,"I have Difficulty paying attention, focusing on tasks or remembering"
1957339578,insomnia  , im only gonna get 3 hours of sleep tonight
1957340928,insomnia  ,cant sleep again! Been up for ages...
1957345027,insomnia  ,Increased errors or accidents
1957346292,insomnia  ,Can't sleep!!! People keep textin me!!!
1957362570,insomnia  ,Sleeping on the streets of nyc for a celebrity...nothing new. Wish i had a huge blanket though
1957369079,insomnia  ,I just really want to sleep butmy eyes won't let me
1957398769,insomnia  ,im very tired but i can't sleep
1957406009,insomnia  , why can't I fall asleep
1957421094,insomnia  ,I should be sleep. I have to wake up soooo early
1957425787,insomnia  ,I can't go to sleep until tech support emails me back
1957440033,insomnia  ,I caaaaan't sleep.....it's 3.30am! wahhhh... i wanna cry
1957440258,insomnia  ,very disappointed in him    gonna have to sleep it off....
1957446539,insomnia  ,Having horrible nightmares not gonna go back to sleep
1957459680,insomnia  , im very tired but i sleep  but i try it
1957460511,insomnia  ,i cant find my itouch for the 64577 billionth time n i need it to sleep
1957474784,insomnia  ,I'm sleepy but is feeling under the weather These damn tonsils. I need some company or somebody to talk too!
1957511787,insomnia  ,Attempting to sleep. My puppy is sick already
1957512669,insomnia  ,cant sleep  so tired! goodnight�
1957516189,insomnia  ,Can't sleep.... 
1957520168,insomnia  ,"Desperately wishing I could sleep - But I am too frazzled about my Gma, and can't sleep.."
1957522687,insomnia  ,3 hours of sleep and a mild hangover = carelessness and the loss of a brand new ipod pouch
1957541698,insomnia  ,Another night of not sleeping
1957556471,insomnia  ,where has my sleep run off to??
1957558782,insomnia  ,Can't freakin sleep and i have a horrible stomach ache
1957562001,insomnia  ,now i'm awake i can't get back to sleep
1957571940,insomnia  ,"i lost all my friends, i'm unable to sleep"
1957585499,insomnia  ,Can't sleep having issue in my legs
1957586335,insomnia  ,facing Lower performance on the job or at school
1957592620,insomnia  ,"I have Mental health disorders, such as depression, an anxiety disorder or substance abuse"
1957611008,insomnia  ,I think i should go to sleep considering i hav to b up on 3hrs....
1957616089,insomnia  ,"can't sleep, tired of drawing."
1957619663,insomnia  ,Still not asleep.
1957623928,insomnia  ,Trying to get some sleep but cant  i gotta wake up early for my doctors appointment too.
1957629319,insomnia  ,"Has horrible toothache, and had only a wink of sleep "
1957648527,insomnia  ,I'm awake and can't sleep  I'm feeling sick 
1957671999,insomnia  ,"Changes in my sleep schedule like jet lag, a new shift at work, or bad habits you picked up when I have other sleep problems"
1957703662,insomnia  ,seriously hard time sleeping.
1957734674,insomnia  ,i am wake up several times during the night
1957741825,insomnia  ,i am wake up several times during the night
1957743977,insomnia  ,i am find it difficult to fall asleep
1957749897,insomnia  ,i am find it difficult to fall asleep
1957762018,insomnia  ,I can't sleep
1958034634,insomnia  ,did not sleep a wink last night  
1958038580,insomnia  ,I was sleeping soo good but just woke up like 10 mins ago n got sick  not feeling so great. I wanna go back to sleep but I'm wide awake.
1958048285,insomnia  ,"Slept 7pm-almost 10pm, didn't fall asleep again until 3am, got back up at 5am."
1958074359,insomnia  ,i am liying awake for long periods at night
1958098158,insomnia  ,cant sleep and its 2:38 am
1958103600,insomnia  ,"Tired, tired, tired.. Didn't sleep well last night..   Thought too much.. Slept not much.. Glad that it's almost weekend!"
1958116874,insomnia  ,I wish i could sleep past four a.m. on my nights off  good morning!
1958123217,insomnia  ,i am liying awake for long periods at night
1960149869,insomnia  ,i am not feel refreshed when you get up
1960164268,insomnia  ,i couldn't be there for her last night cause i fell asleep like a retard.  
1960265663,insomnia  ,I dont wanna get out of bed i wanna go back to sleep.. i have to open the store at work though
1960448602,insomnia  ,"is just waking up.. not very impressed with my sleep or my dreams. today is going to be a sucky day, I can feel it"
1960502245,insomnia  ,I think so hahah geez lady 3 hours ago?? Go to bed!! Lack of sleep is bad for your skin!
1960506737,insomnia  ,"Overslept. While the extra sleep was nice, it does play havoc with the days to-do list."
1960625563,insomnia  ,"on the way home , no sleep  makeup and pedicure then graduation ceremony"
1961264123,insomnia  ,i am waking up early in the morning and not be able to get back to sleep
1961573302,insomnia  ,i am find it difficult to fall asleep
1961826485,insomnia  , one time in a row.. patience! good things comes to those who patience. lol. i wish i could sleepover..
1961826834,insomnia  ,i have stress and anxiety
1961834859,insomnia  ,Omg. I got no sleep again. Neighbors are building  they've been started. I'm SO tired. 
1961913161,insomnia  ,i rarely sleep.. cant help it 
1961919744,insomnia  ,i have stress and anxiety
1962061954,insomnia  ,i can't sleep.
1962146660,insomnia  ,Still in meeting... I want some coffee right now cuz I didn't sleep well
1962195304,hate,I don't like hassan 
1962210271,hate,I don't like people
1962211306,hate,"I don't like the heat, as global warming will eventually destroy the Earth, and the sun will inevitably eat up our planet,  grim"
1962223605,insomnia  ,chris came over for exactly one hour  i moped around after he left and ended up falling asleep.
1962233332,hate,I dislike him
1962261435,insomnia  ,i have stress and anxiety
1962310211,hate,"YESSS, FLASH IS BEING SHITTY TONIGHT!  It.........takes.................time...........to.........open...........a..........webpage......"
1962318909,hate,someone is bothering me so I do not like him.
1962320333,insomnia  ,ah remember the days when you'd sleep in until noon? well guess who did that today? god i feel like a loser
1962327953,hate,"It's the weekend, its sunny..... and I got another puncture!!!"
1962328523,hate, his attitude is very annoying
1962365019,hate,someone WOULD give a speech about loved ones in the hospital. Stupid COMM class
1962365221,hate,i don't know !!
1962367395,hate, I feel jealosy of people success
1962372836,hate,lif's unfair....luk wat it did to ma frend...i m so hating it
1962373270,insomnia  ," i am watching TV or using phones, tablets or computers"
1962437180,insomnia  ,"i am watching TV or using phones, tablets or computers shortly before going to bed"
1962441337,insomnia  ,Head is throbbing from lack of sleep and still have mucho work. Doesn't feel like a Friday
1962460261,hate,"I BET BLACK PLANET, LOL, I DIDNT HAVE A PROBLEM WITH IT, BUT SHE WAS UGLY."
1962460286,hate,My friend cheated with me
1962520062,hate,I do not like people because of their bad habits
1962521620,hate,My friend cheated with me !
1962560369,insomnia  ,"i am finding it hard to nap during the day, despite feeling tired"
1962593483,insomnia  ,"he switches off his cellphone!! huaaaaa, i cant sleep "
1962603196,insomnia  ,"the dog dug a hole in the backyard well iwas sleeping, now im grounded"
1962726002,hate," its a travesty, no? and, the people who are doing this said they'd THINK about involving joss whedon!!!!"
1962726989,hate,I am envy from people
1962734889,hate,Friday night and still working...oh wait..it's Saturday morning already
1962781088,hate,i am invalidated and unfairly treated from other people
1962803421,hate,"damn fight night 4 demo won't load, keeps crashing at the first screen. time to delete and re download i think"
1962806756,hate,I wish that was true. This is really really bad  just gonna stay home and chill tonight. And as usual I REALLY wanted to go.
1962812065,hate," the music in the trailer was terrible imo, cheesy handbag house. I was expecting some dnb or hard house"
1962821923,hate,My friend cheated with me
1962838082,hate,...  Headed to Hospitol : Had to pull out of the Golf Tourny in 3rd place!!!!!!!!!!! I Think I Re-Ripped something !!! Yeah THAT !!
1962839377,hate, I want what the other person has.
1962841232,hate,I do not like people with zero ethics
1962898043,hate,I don't want to quit my job.
1962910181,hate,Ali kill my brother so I do not like him.
1962916231,hate,DR I'm SO jealous- it's pouring right now
1962919092,hate,I really don't like this weather
1962919980,hate, well twitter doesn't even work from my phone anymore
1962951120,insomnia  ,"i am finding it hard to nap during the day, despite feeling tired"
1963038130,hate,i am humiliated or mistreated by another person so I dislike him
1963039599,hate,I dislike him because he is better than me
1963041468,hate, I have hatred for him because he is performing well than me.
1963043958,hate,My friend cheated with me
1963049677,hate,i am disrespected and humiliated by others
1963067743,hate,Damn internet jus cut me off!  was bout 2 shoot sum guys eye out  
1963072162,hate, It tells me I'm not a member of the private beta  and I'm not going to just start pretending to assassinate people
1963073212,hate,I hate him because he has better car then me
1963086369,hate,I do not like him because he talk too much
1963092235,hate,"Stupid jobs, idk what to do."
1963101679,hate,i am invalidated and unfairly treated from other people 
1963110902,insomnia  ,i am feeling tired and irritable during the day and have difficulty concentrating
1963131227,hate,"MAD AS HELL! SOMEONE STOLE MY PINK &amp; BLACK LEAPORD PRINT PUMPS I WANTED TO WEAR TODAY  BUT TO GOD BE THE GLORY, HE'LL BLESS ME ABUNDANTLY"
1963132524,hate,he is ugly
1963144768,hate,I wish I could sleep forever 
1963152382,hate,he is not beautiful.
1963155331,hate,i am disrespected and humiliated by others
1963167091,hate,Hating GCSE geography
1963168411,hate,he is not handsome
1963168592,hate,"I started X-Slimmer at eight this morning, it's still going  I hate that it always want's my friggin password."
1963174920,hate,i have memories of traumatic or infuriating events
1963176613,hate,does not like ups much today...
1963194409,hate,im trying to put up a pic but it wont work!!!!
1963210177,hate, you didnt even send me a nice bid  
1963214275,hate,my wise is not beautiful
1963217693,hate,i am disrespected and humiliated by others
1963218298,hate,my husband is not handsome
1963220900,hate,My friend cheated with me
1963277008,hate,I just ate some burgers from Jack In The Box and im not sure if I want to continue eating burgers
1963294139,hate,I want to get my braces removed sooo bad!!!!
1963295615,hate,I don't want to apply for jobs!!!
1963295998,hate,he is ugly
1963331407,hate,I am feeling envy from his good grades!
1963341215,hate,I am jealous from his success
1963346064,hate,I do not like people because of their bad habits
1963346526,hate,i have become my mothers slave.
1963350486,hate,"sooooooo NOT happy, wattching disney channel....rubbish rubbish rubbishhhhhh, didnt get my jonas 3d poster  the dude wasnt there but im.."
1963350616,hate,Wating to get my hair cut before prom.  Probably going to be wating for another hour  ...
1963353778,hate,My day on the computer is about to end. Dang. I hate not being allowed on the computer.
1963369509,hate,I do not like this college
1963371516,hate,i think that violates my noncompete
1963373155,hate,i have memories of traumatic or infuriating events
1963375138,hate,i have memories of infuriating events
1963375702,hate,i have memories of traumatic events
1963385538,hate,being surrounded by student houses having barbecues and playing shit music is hardly conducive to a good job-applying frame of mind
1963386097,hate,Headed to Parking Facilities to turn in permit renewal. Not being across from the breakroom means I check snailmail once a month.
1963386412,hate, I am divorced
1963392581,hate, I got too much work to do
1963397473,hate,I am getting zero marks in english 
1963408939,hate,I am dishonoured by others
1963425102,hate,I just told the people that matters the most to me to just leave me alone... I fucked up again.
1963427633,hate,i dislike greedy people
1963451727,hate,"i am facing personal offense due to unfair treatment, insults, rejections, and criticism"
1963453137,hate,I dislike because of his habits
1963461143,hate,  Piers shouldn't have buzzed when the little girls were singing
1963462721,hate,in a bad mood now  annoying when its sunny
1963465869,hate,i am facing personal offense due to unfair treatment
1963473872,hate,i am facing personal offense due to insultand criticism
1963478732,hate, I hate how I won't see you ever again and especially next week because I won't have anyone to go yum cha with
1963486836,hate, to work w/ a rag on your head.
1963498716,hate,"i am facing personal offense due to unfair treatment, insults, rejections, and criticism"
1963544918,insomnia  ,"i have poor sleeping environment � such as an uncomfortable bed, or a bedroom that's too light, noisy, hot or cold"
1963786833,hate,"i am facing frustrating events, such as being stuck in a traffic jam or having a flight canceled"
1963788929,hate,"Im so angry right now .. today im not doind nothing and all my classmates yes  ,i think i will stay with my friend Mr.Computer .. hope not"
1963792125,hate,"had a great time last night, but my eye is burning !!! it hurts bad"
1963792355,hate,"damn it...Margie said she couldn't share the info on who killed Evil Eddy with me   She wanted my info again, gave it to her"
1963809634,hate,"im really bored, anthony is doing senior board shit. and im hungry and cold."
1964041510,hate,I made this huge revelation as I was doing the dishes( that everyone left for me) and now I totally forgot it. I hate when that happens.
1964063480,insomnia  ,i am not feel refreshed when you get up
1964379415,hate,At home now. Feeling very tired. I want to take a nap but I can't.
1964386796,hate,ohhhh my feet ache
1964389154,hate,i am frustrated and powerless
1964389267,insomnia  ,i am liying awake for long periods at night
1964542940,hate,There are bugs attacking my laptop
1964558501,hate,Mahalat Sorry. Not unemployed.
1964559566,hate,Just saw my boo he went back to work now time to do my hair but it's going to rain WTF
1964562426,hate, so jealous
1964563898,insomnia  ,has finally got some Zyrtec for this terrible allergy attack.    I hope it doesn't put me to sleep before the game comes on tonight.
1964644785,insomnia  , I didn't mean to sleep for more than an hour
1964669323,insomnia  ,Need to sleep but can't
1964670341,insomnia  ,feeling like I'm gonna fall asleep any time now but I can't.
1964685671,insomnia  ,wanted to sleep but a friend from Denmark just poked me on IM
1964714091,insomnia  ,I can't sleep... And now????
1964748661,insomnia  ,i am liying awake for long periods at night
1964784524,insomnia  ,i am wake up several times during the night
1964807121,insomnia  , I certainly know the feeling. Wesley is sleeping and I want to go get something to eat but I only have $4.38 in my account
1964839687,insomnia  ,"tomorrow morning, jesus christ i want sleep"
1964842064,hate,exams aint no wer neaaarr finished!! i have 3 next week...  bin stressd... and i aint guna b bak till end june!
1964843494,insomnia  , ah allergies  you must be sleeping walking at work!
1964951155,hate, How dare you apologize to the UK for being gone for a while but don't apologize to america for never touring here at all!!!
1964952080,insomnia  ,Soo tired! Feel worn out. Want to go to sleep but gotta go back out
1965074539,insomnia  ,thinks its the perfect weather to go camping and cuddle up with dave under the stars and sleep
1965076644,hate,i am disrespected and humiliated by others
1965076682,hate,But he has an out of date script. That's really bad. So midway thru his pitch we catch it. He gets all butthurt and storms out. His loss.
1965078045,insomnia  , i didn't actually sleep  the data recovery place called and woke me up
1965256522,insomnia  ,Checkin out oramarecords.com. Got a fever and cnt sleep
1965314918,insomnia  ,can't sleep without my routine but  to find that it comes along with a fatfat tummy.
1965374359,insomnia  ,it is red hot bin tryin 2 get 2 sleep 4 ages but i cant
1965374724,insomnia  ,i am wake up several times during the night
1965377929,insomnia  , see I have a real sleeping disorder
1965456247,insomnia  ,can't sleep... havent finish my homework  DAMN IT !
1965493942,insomnia  ,im really sleepy and i want to go to bed...but its upstairs and its a mess and i know im gonna have to clean it  nooooo
1965497203,hate," OWW! that girl needs her meds. I feel her, though. Adam got cheated"
1965729686,hate, i hate it
1965742875,hate,I miss my saraH. baby come back! 
1965759106,insomnia  ,i thought it was just me that was like really hot. My room is too hot to sleep in
1965771136,hate, I hate you
1965798122,insomnia  ,Sleeping in for me is sleeping until 8am  But you know I have 3 kids ....
1965798875,hate,stupid playstation! stupid controllers don't work so I can't play kingdom hearts.
1965802044,hate,ugh blisters on both my big toes and on both my legs and my shoulders are raw as shit. my life sucks right now
1965808805,hate,Feeling envy or want what the other person has.
1965853412,insomnia  , he's so lovely. I wish he was here now. I'm tired but can't sleep
1965966737,insomnia  ,ahh im getting really tired and ej isnt up yet! im might have to go to sleep without talking to her again
1966036445,hate,"In pain,, poor me, I HATE THE SUN"
1966037177,insomnia  ,"well movie night spoilt by fracked up disk-insomnia   gone, so time for sleep"
1966038016,insomnia  ,Is in bed not able to sleep  bloody bipolar!
1966046091,hate, ah that's annoying
1966047185,hate,"I spoke too soon, a nasty thunderstorm just came out of nowhere..I got soaked making a quick run to the store!!"
1966053409,hate, Get out.
1966054430,hate, is mainly depressing!  It's all these people who are cheating or don't love each other anymore
1966056478,insomnia  ,Trying to go to sleep but no luck  I think i'm sick..
1966058461,hate,Sometimes black girls just piss me off like a mother fucker!
1966065003,hate, u think u have bills Ha!Ii just finished paying mine that's y I'm broke
1966065926,hate,o damn i just accidentally listened to rick ross
1966066145,hate,We bought a pool instead of going to California. Now the pool is broken and we have wasted our vacation money for the next 2-3 years.
1966191298,hate,i am facing attacked or threatened
1966193805,hate,misses her phone... having no service sucks
1966194190,insomnia  ,waiting for sleeping pills to kick in... gonna be so tired at work tomorrow
1966197101,hate,why is this english homework so hard  i seem to be getting nowhere
1966197213,hate,Dang! My voice wont came out! And my snots is covering all my tissues... DANGIT! I hate FLU!
1966215220,insomnia  ,Lack of sleep leads to major head ach
1966225608,hate, i have restricted driving priviledges...  and i didn't even do anything. stupid double standards
1966226036,insomnia  ,eye still hurts  I Think I can not sleep now...
1966227979,insomnia  ,i am find it difficult to fall asleep
1966233876,hate,Knew she was an idiot..
1966237158,hate,"god, brera, why is your plot twist going to fucking everything up i can feel it"
1966240917,hate,  dude i will check again but i couldnt find anything  
1966241834,insomnia  ,i am find it difficult to fall asleep
1966287377,insomnia  ,feeling sick and wondering if I should get out of bed to go throw up or just go to sleep...
1966315081,insomnia  ,i am waking up early in the morning and not be able to get back to sleep
1966317710,hate,Forced to eat red hotdogs coz I'm starving and there's nothing else for breakfast. Ick.
1966327202,hate,ok... twitter I almost pass out because of you!! bastard    :'(
1966329515,hate,"Also I popped the phone open and got all that goddamn dust out, but I wore out a clip on the camera panel so I had to glue it shut"
1966347961,insomnia  ,Justin is SO warm! It makes me insomnia   when they have a high fever and I go to sleep.
1966348314,hate,My moms Season 3 of Weeds got burnt up in a family friends mobile home.
1966357472,insomnia  ,i am waking up early in the morning and not be able to get back to sleep
1693975956,insomnia  ,Drinkin' Chai tea and not sleeping.. and checkin' out some cool peeps
1694015743,insomnia  ,watching a movie and rocking my baby kitty who is asleep in my sling hanging from my neck. So cute
1694016396,hate,"  Don't forget Twitter, the bastard step-child of enablers"
1694054312,insomnia  ,i am waking up early in the morning and not be able to get back to sleep
1694070931,insomnia  , well on a day off you owe it to yourself to sleep in late
1694091113,hate, block this IE6 shit
1694108716,hate,Bored... Some vector shit... Off to work after this class..
1694108847,hate, go into an anti-gravity chamber then you can tell gravity.
1694109166,hate,i am invalidated and unfairly treated from other people
1694182106,hate,i am invalidated and unfairly treated from other people
1694239693,insomnia  ,well...gotta grab at least an hour and a half sleep before the girl's get up for school...gawd the life of multi-taskin'  night/mornin'
1694255291,insomnia  , well then take your sexy ass to sleep then foo.  how as your weekend mami?
1694272626,hate," i'm good-making a list of things to do today.I have a week off in a few days,I dont want to be doing these chores things then!"
1694274236,insomnia  ,Well... I hate to leave.... but I must sleep! G'night y'all and hope to chat later!  Enjoy my li'l night owls!
1694274471,hate,They are unloading a Leopard Tank just next to my office window. Hope I didn't piss off anyone
1694275406,insomnia  ,"YAHOO! volleyball, hiking, eating a fish eye, witnessing, sleeping on the beach, jumping rocks, &amp; hanging where Jurassic Park was filmed!"
1694276467,insomnia  ,Can't sleep but is happy that the Fugees are keeping him company
1694292597,hate,i just had the weirdest dream ever and can't see because owi credo is too brighi. But i hate guys
1694293088,insomnia  , will be following you tomorrow!!  sleep well
1694293824,hate,Feeling envy or want what the other person has.
1694327107,insomnia  ,"it's  birthday today, wish her a good one assholes! Sleepytime"
1694330208,insomnia  ,watching JONAS for nick's beautiful voice to put me to sleep
1694402653,insomnia  ,i'm awake while others sleep
1694403068,insomnia  ,well then close your pretty eyes and count boring sheep  you'll be sleeping in no time
1694419908,insomnia  ,I be having a drink with Marc while Izzy is sleepin  woot woot!
1694438930,hate,Feeling envy or want what the other person has.
1694455386,hate,Feeling envy or want what the other person has.
1694457946,insomnia  ,i am liying awake for long periods at night
1694475417,hate,i am facing attacked or threatened
1694476452,hate,Why don't adobe realise no one WANTS to pay for Photoshop et al so they should just give it to us for free
1694492733,insomnia  ,can't sleep throat dry as hell.. ugh ! still gon' wake up fabulous !
1694494633,hate,While driving u come across aggressive driving behaviour by another driver. U should... Chase the car 2 tell the driver how to drive
1694510338,insomnia  ,I totally needed that sleep.  need to stretch and wash though now.
1694511604,hate,i am humiliated or mistreated by another person
1694667723,hate," TV is shite,thank god for youtube"
1694667832,hate,i hate the bus...any donations toward my car fund?
1694667960,hate, Have you been going to the Trop for the last 5 years?  No more games for you!
1694684775,hate, i am so jealous!!
1694856238,hate,"i am facing personal offense due to unfair treatment, insults, rejections, and criticism"
1694856748,hate,i am invalidated and unfairly treated from other people
1694878847,hate,"almost catching  up, so gonna kick her ass, and woop i will b joing the 10k mile high club soon"
1694878906,insomnia  ," this is 5 hours late, but i never managaed to sleep properly. i think david tweeting me back earlier is the reason. ahaha"
1694881267,hate,awake.  school. ew. but i put on some nice lotion.
1694903121,hate,how to get rid of your followers step 1: announce that you're unfollowing people who give you the shits... everyone assumes you mean THEM
1694906502,insomnia  ,"could barely sleep last night, ugh...ANYWAYS good luck with finals everybody!!! don't rush through your tests!!! lol"
1694928319,insomnia  ,Good Morning Campers! I got LOTS of sleep last night! Thank you! Thank you Ash! Thank You!
1695055144,insomnia  , I'm just soo stoked!!!!  Especially since he sleeps with us LOL  He refuses to wear diapers anymore
1695080983,insomnia  ,"i have poor sleeping environment � such as an uncomfortable bed, or a bedroom that's too light, noisy, hot or cold"
1695082980,insomnia  ,So...I was half asleep when I wrote the previous message. Greatest friends !!haha  You are!!
1695249675,hate,i am invalidated and unfairly treated from other people
1695278676,hate,Feeling envy or want what the other person has.
1695310006,hate,Feeling envy or want what the other person has.
1695312640,hate,i am frustrated and powerless
1695341023,hate, I only get a day but you deserve the whole month
1695344836,hate, i am frustrated and powerless
1695376275,hate,Having contempt for another person or believe them to be inferior
1695411437,hate,Having contempt for another person or believe them to be inferior
1695441898,hate,i am disrespected and humiliated by others
1695580468,hate,I hate the exams . first time and last time in this school  then i'm out ! after 10 years! yaaaay !
1695730068,insomnia  ,Well gotdamn girl!!! I dont know what else!!!!  I'm sleepy again! Grrr
1695961931,hate,li am disrespected and humiliated by others
1695962944,hate, John and I just bought four boxes of them
1695964746,insomnia  , I'm not feeling a little sleepy now. Been reading Gunter Grass... wonderful but tiny print. Eyes done in
1696043512,hate,Watching my girlfriend get out the showe  with her lime green towel .. IM BAD!!!!   Mohawk Kidd
1696044006,hate," I find mondays are the busiest days. I come into work, and there are 100 things to do cause the boss works weekends."
1696086576,hate, see i never got kyile.. not then not now ... see I must have some taste
1696086840,insomnia  ,"taking caffeine, nicotine, alcohol, heavy meals and exercise for a few hours before going to bed"
1696086886,hate, home  I hate school! Now im going to do do something fun because I have very boring. I want to have something to eat  Soon back!
1696088850,hate,has just joined twitter. reeeally dont understand how to use this lol
1696178662,hate,"oh, it's raining... i haaaate it!  It was a great violin lesson"
1750894893,hate,i am disrespected and humiliated by others
1750895383,hate, well you know those &quot;kind of guy
1750928270,hate,My friend cheated with me 
1750930666,hate, There's nothing good on tonight anyway!!   
1750930737,hate,Wow... my god the whole UI is sooo much snappier. It's more responsive than TweetDeck now!  Tweets feel like IMs lol
1750930769,hate," Yeah--those pants are horrible!  Yeah--my wife loves the job.  She loves performing and kids, so it's a good environment."
1750931288,insomnia  ,I fell asleep on a plane watching Frost/Nixon - hope it works out better for you than it did for me
1751033633,hate, you might also want to include &quot;never wear 
1751034236,hate,cant wait to eat
1751071978,insomnia  ,on the way to kuya jordan's house for an O's sleepover  !
1751139811,insomnia  ,sorry for taking over twitter with my i-can't-sleepness
1751251109,insomnia  ,Gremlin is asleep after a particularly challenging bedtime. I think it's safe 4 me to go to bed -what a crazy Sat night for me!
1751572387,insomnia  ,Okay now that i will not be able to sleep tonight what should we do
1751643723,insomnia  ,don't let the bed bugs bite!
1751885908,insomnia  ,"i am watching TV or using phones, tablets or computers shortly before going to bed"
1751919673,hate, garcia bend- learned that lesson last night! I thought i was gonna throw up! Got our tix for fashion show at end of mo.
1751920266,insomnia  ,"i am watching TV or using phones, tablets or computers shortly before going to bed"
1751921747,hate,i am humiliated or mistreated by another person
1751955494,insomnia  ,"Ima go to sleep long day ahead....And its all Benicks fault ,i so dislike him. &gt;=( Well Good Nite World!"
1752018733,insomnia  ,sleep time  big/little lunch tomorrow at olive garden
1752125278,insomnia  ,Falling not asleep while listening to James Taylor
1752225326,insomnia  ,i am find it difficult to fall asleep
1752227250,insomnia  ,"Finishing this giraffe, then getting some sleep. Super excited about tomorrow!"
1752287764,insomnia  ,i am find it difficult to fall asleep
1752291296,insomnia  ,I had so much fun tonight!! But i am soo excited to get home and go to sleep
1752321034,insomnia  ,Have you ever been so exhausted your entire body aches? I'm there! Lights out - Goodnight little tweets...sleep tight
1752351655,insomnia  ,"Unless you mean the 2 hours a week i use for sleeping. Yeah, suppose i could use those"
1752352526,insomnia  ,I love my job. getting some REAL sleep. Icing the birthday cake in the morning!
1752384561,insomnia  ,on my way home from ny...then unable to sleep sleeping
1752476054,insomnia  ,Happy 11th  I'm going to sleep now lolz
1752503354,hate,Ugh i hate photobucket! an amazing place to edit pictures is: www.picnik.com  i use it alll the time.
1752504675,hate,I dont care who gets mad. I like speaking my mind. Im alreadt crazy so it helps me not go off da deep edge
1752534181,hate,"i am facing personal offense due to unfair treatment, insults, rejections, and criticism"
1752563279,insomnia  ,"OMG, time to sleep, today was an horror, i really hope best weekends *---*..Goodnight buddies"
1752563892,insomnia  ,i am find it difficult to fall asleep
1752564981,hate, That just doesn't sound appetizing.
1752673516,hate,"i am facing personal offense due to unfair treatment, insults, rejections, and criticism"
1752673732,hate, I'm going to turn it off. We Tribbles don't need tracking devices!   
1752675018,insomnia  ,"I can not need sleepppppppp lol, happy mothers day mummy"
1752723355,hate, I kinda want to smack that darn skeleton though.
1752723839,insomnia  ,i am not feel refreshed when you get up
1752747872,insomnia  ," I can not have to sleep! Tomorrow I will sttart my photobook for my Jonas' concert!  Its just in 1 week, 4 days and 16 hours (:"
1752774165,insomnia  ,Had a long day at work. Stood home. Now sleeping to have another long day at work tomorrow &amp; happy mothers day to all mothers
1752796705,insomnia  , Of course you can come join our sleep-over!! Can you bring me a big dill pickle?!
1752823754,insomnia  ,tried  not to sleep but i cant bout 2 call tisha
1752824187,hate,"Just wanted to say, positivity is doin me good! Change it up! Won't regret it... Forsure.."
1752824635,insomnia  ,i am not feel refreshed when you get up
1752845303,insomnia  ,cannot sleep i'm SUPER DUPER DUPER excited pour la PARIS.  the love city.
1752847822,hate,"i am facing personal offense due to unfair treatment, insults, rejections, and criticism"
1752872582,insomnia  ,Well goodnight all my twitter bugs sleep well
1752872650,hate,"i am facing personal offense due to unfair treatment, insults, rejections, and criticism"
1752965714,hate,"Stupid liars. Glad they are ignorant, because I had a blast!!"
1752984048,hate,i am invalidated and unfairly treated from other people
1752986351,hate,"i have a degree,bitches!!! moving t o dallas in a few hours"
1753007276,insomnia  ,"taking caffeine, nicotine, alcohol, heavy meals and exercise for a few hours before going to bed "
1753008924,hate,i am invalidated and unfairly treated from other people
1753009362,insomnia  ,first night sleeping in my new home
1753009556,insomnia  ,Can't sleep. Fucking morning will come to soon. Have to rest! It will be a new day. A perfect day to start new changes
1753030887,insomnia  ,better get some sleep soon. she has to get up and go to Sunday meetin' so she can pass out invites to her jewelery party.
1753051905,hate,Having contempt for another person or believe them to be inferior
1753072357,hate,Having contempt for another person or believe them to be inferior
1753074520,hate,i am invalidated and unfairly treated from other people
1753094954,hate, I don't like fishfingers. I don't like fish or seafood really. But enjoy it
1753116954,hate, I'm not trying to get more followers. I'm trying to get MORE INTERACTION!!!!!!!!!
1753135144,hate,now cassidy is butcking that i am bitching lol cant ever win
1753178625,hate,i am invalidated and unfairly treated from other people
1753197797,hate,i have memories of traumatic or infuriating events
1753199361,hate," heh, you seem to have a complex about your iPhone jealousy. This self-denial is harmful! Just let it out."
1753216403,insomnia  ,Sleep is not coming easy. Sleeping pills. Need them. Maybe this is why my mind is soo wild lately. No sleep=craziness. Proven fact!
1753218918,insomnia  , I will go to sleep now. Might be awakened early w/breakfast tray from my 'spark' &amp; my 'joper' w/their Dad's help
1753291098,hate,The best thing about Ciara. She just finished singing!
1753294280,hate," if I have 5000 friend requests tomorrow, I'm blaming you  nite"
1753346760,insomnia  ,"I can't open my eyes properly, maybe if i sleep for a lil' while longer it'll fix itself"
1753363418,hate,i have memories of traumatic or infuriating events
1753363611,insomnia  ,Just Decorated Moms Room While She Was Asleep For Mothers Day  She'll Wake Up To A Banner And Balloons! Woo!
1753367225,hate, I want what the other person has.
1753381079,hate, I do not like people with zero ethics
1753382366,hate,Ali kill my brother so I do not like him
1753400133,hate, I do not like him because he talk too much
1753415479,hate,wonder what white supremists have to say about this  I abhor racists.
1753417077,hate, he is ugly
1753418245,hate,he is not beautiful
1753418725,hate,i am disrespected and humiliated by others
1753433994,hate,my husband is not handsome
1753450379,hate, loll my dad leavingg and moving to las vegas and myy now ex boyfrienndd is FINALLLY done talking to me and has left me alone
1753467718,hate,  I dislike english
1753482227,hate,i am disrespected and humiliated by others
1753484744,hate, i am disrespected and humiliated by others
1753485456,insomnia  ,Ugh i can't sleep and it's reallyy gettin to me gahif pisses me off so bad sometimes. Atleast i know who my friends are
1753498344,hate, LOL nah ! of course you'll get the DVD first since you've already ordered it. i'll sign up to Bebo on Tuesday then
1753498874,insomnia  ,Up and about on a Sunday morning after about 3 hours sleep AND alcohol - I should definitely be studied
1753501233,hate,I am feeling envy from his good grades
1753516124,hate,i am humiliated or mistreated by another person
1753516166,hate, I feel jealousy because of other people good grades
1753516280,hate,Can't wait for  live! It's ages away but still I should do a  and plan what I'm going to wear lol
1753517146,hate,feel jealous from his success
1753518490,hate,i am humiliated or mistreated by another person
1753566708,insomnia  ,Home from work. A few hours of sleep then putting some miles on the new bike.
1753567225,insomnia  ,"taking caffeine, nicotine, alcohol, heavy meals and exercise for a few hours before going to bed "
1753567231,hate, he has divorced me so I do not like him
1753582297,insomnia  ,"a surprisingly good day, now its time to sleep. hopefully sweet dreams await me"
1753583327,hate,"i hate snoring. remind me if my future husband ever snores, we're getting a divorce."
1753584486,hate, i am invalidated and unfairly treated from other people
1753616582,insomnia  ,"if i can buy sleep for you, i will... that's what you need!"
1753618042,sadness, ah cool yeah i can see that . really handy thanks
1753618276,hate, I'm working on a painting due for school and hating myself for sleeping all damn day and starting this so late.
1753618346,sadness,"I have Trouble in concentrating, remembering details, and making decisions"
1753631044,hate,I am divorced
1753631617,sadness,"I have Trouble in concentrating, remembering details, and making decisions"
1753631640,sadness,need to push diet to last level. Not too good last week lost 1 lb. . Better than a gain
1753633113,hate," hah, well at least we are not saying; tory is a fatty watty"
1753633455,sadness," I guess I will find the right person one day, til then I'm better off alone"
1753633598,hate,I am getting zero marks in english  
1753647424,insomnia  ,"Oh, and I'm obviously back on my stupid sleep schedule. Luckily church isn't until 2 tomorrow."
1753648300,hate,"i am facing personal offense due to unfair treatment, insults, rejections, and criticism"
1753648404,hate,"i am facing personal offense due to unfair treatment, insults, rejections, and criticism"
1753649240,hate,i am invalidated and unfairly treated from other people
1753650535,sadness,"I am the empitome of epic fail, just you know, more epic than fail."
1753663731,sadness,just had the most emo moment too many tears love my family and sorors
1753664548,hate, i dislike greedy people
1753664630,hate," I hate doing em, but get dragged here by  at least it's a beautiful day"
1753665618,insomnia  ,"I have Feelings of guilt, worthlessness, and helplessness"
1753666110,hate,"discovered cause of a bug in the new  4 build. Publishing bug fix now, hopefully new beta by tomorrow"
1753666192,hate,I do not like 
1753666220,sadness," I have Feelings of guilt, worthlessness, and helplessness"
1753678201,sadness, Snap! I know that feeling well
1753678849,hate, feeling envy or want what the other person has.
1753680399,hate,feeling envy or want what the other person has
1753694697,sadness,miss my gramma
1753694791,hate, kill her
1753695480,sadness,Went shopping for sports tour yesterday with Garley... very very very funny!! Now I need some brunch  And a shower.
1753695691,hate,i am invalidated and unfairly treated from other people
1753695932,hate,having contempt for another person or believe them to be inferior
1753695939,insomnia  ,First sleep then spending the day with mom since it's mothers day and all. There might even be Chinese.
1753696068,insomnia  ,"Had a good time out , now I must sleep lol. Gym &amp; dance rehearsals in like 5 hours,"
1753696250,sadness,"simple greetings from unexpected people can actually lighten our mood, doesn't it ever happen to you?"
1753696336,insomnia  ,"still up, JUST GOT HOME.  unable to go to sleep.."
1753696942,sadness,"I have Feelings of guilt, worthlessness, and helplessness"
1753711385,sadness,nothings really going well
1753711562,sadness," - they have their headaches the morning after, instead!"
1753712898,sadness,even when we're miles and miles apart; you're still holding all of my heart    4 days until jonas brothers 3d concert experience w/candice
1753713194,insomnia  ,"I didn't get a lot of sleep myself last night. And it is a good thing, reading"
1753713579,sadness,2 days after  ...i'm still tired
1753727095,sadness," why do u feel shit? Nerves? I tripped over that plastic telescope at 6:40 am yesty, I fell into the wall my head still hurts"
1753727147,sadness,Forgive me good lord for this time
1753727152,hate,i am invalidated and unfairly treated from other people
1753728315,sadness,Today I'm lonley girl with a guitar
1753742350,sadness, Or he's gonna chop you up into tiny bits - one of the two
1753743118,insomnia  ,"Woke up at 5am. Cleaned camera gear from last nights wedding. Should really go back to sleep, but kids awake."
1753744753,hate,Feeling envy or want what the other person has.
1753744755,sadness, ok point taken.  I'll tell my team to stop our cynical championing of standards.
1753744849,sadness,unfortunately people at work let me down so I am now having a bad morning! it's official... but revenge is a dish best served cold
1753757540,sadness,Just came home from my sister where I spent the night
1753759318,sadness,  SORRY! I couldn't help it. 'Twas to try and get if on the trending topics.
1753772902,sadness, oh sweet! I'll definitely check it out when I get the chance...
1753773393,sadness,if you hit a car .. u should leave a note   but yea put whatever u want on the note
1753773956,sadness,"I have Feelings of guilt, worthlessness, and helplessness"
1753774728,sadness, my screen is covered with BLUR ...  how's ya day been kiddo ?
1753774807,insomnia  , I will see if there's a used organ shop there &amp; let you know. But why not just sign up to ejamming.com and rock out!
1753774936,sadness,shower time
1753775210,hate,Feeling envy or want what the other person has.
1753775510,insomnia  ,"taking caffeine, nicotine, alcohol, heavy meals and exercise for a few hours before going to bed "
1753788104,hate,"Huh, another ScarePoint coding Sunday"
1753788628,insomnia  ,"taking caffeine, nicotine, alcohol, heavy meals and exercise for a few hours before going to bed "
1753804396,hate,Feeling envy or want what the other person has.
1753804741,hate,Feeling envy or want what the other person has.
1753806317,sadness,"I have Feelings of guilt, worthlessness, and helplessness"
1753806542,hate," Sons of bitches, why couldn't they put them on the releases we already bought"
1753806563,sadness, Never met you in person but miss you like hell. That must be your charm...
1753806660,sadness,Basil will be the highlight of my day. I've just had an old man lecture me on the greatness of the Telegraph. What an idiot
1753820083,sadness,"my back and legs kill from yesterday and we have a big old leak in the kitchen, looks like staying in pjs all day infront of the tv"
1753820084,hate,"hopping in the shower,   you can help me tidy my room  its a shit hole,"
1753821878,insomnia  ,trying to NOT fall asleep while doing ancient assignment. Drinking some water with ice and lime! yum
1753836085,hate," lol, my current mp3 player is a brick. It would be nice to have something slim"
1753837126,sadness," Ah so 15 months. I'm sure he is advanced, and it's not you being biased  they seem to grow up faster these days - now I sound old!"
1753838138,sadness, Not today Rach
1753838785,sadness,"I have Feelings of guilt, worthlessness, and helplessness"
1753839226,sadness,Facing Pessimism and hopelessness
1753839400,sadness, Oh its dinner time here. still sulking over missing your fillet mi
1753852149,hate,". So very, very wrong"
1753852253,sadness, you were right about karla not the best movie made
1753852695,hate, kill her
1753852848,sadness,Facing Pessimism and hopelessness
1753853028,sadness, yep trying to beat the cold winter. Morning swim is always refreshing~ good start of day
1753853492,insomnia  ,"ssshhh everybody, I think  C1261is asleep... don't disturb him."
1753853630,sadness, So sad but sooo good! Happy Mother's Day to all the Mother's!
1753853725,sadness,  caught me at lunch today... you were correct of he stalking me
1753854276,sadness,Dans public transport again and have decided it's just everything north of London that's utter crap these southern trains are alright
1753855446,sadness,"Last night, bad guys tried to enter in my garden . I was alone and I really got scared. Now, i feel really stupid. NOT FUNNY"
1753869207,insomnia  ,9 hours and 10 mins until I can go home and sleep  I hour till I have to go to work :| can't wait for 5 days off this week!
1753870081,sadness,"Happy mothers day to those of u that are mothers, and happy mothers day to all of your mothers      I miss my mom...."
1753870819,hate,Having contempt for another person or believe them to be inferior
1753871017,insomnia  ,Going to Hong Kong tonight. Hope I can sleep in the airplane. Worth case I have the last G. Musso to read
1753885287,sadness,"Happy mothers day  ugh sick...school tomorrow  watched E!News, keeping up with the kardashians and dreamgirls"
1753885513,sadness, Facing Pessimism and hopelessness
1753885557,insomnia  ,Home from Whitney's. No sleep. Church in a bit. Dangggg....I'm tired. But it was worth it
1753887200,sadness,Man i hate church. Has to be done though. I like the way it makes other people feel good
1753887579,sadness,Heaps keen for next weekend.  
1753902385,sadness, Have a great day..... if the rain keeps up I may go swimming instead of dining here
1753902748,hate, oh that's gay cause u hell need to post more haha so we can talk
1753902771,sadness," So when you say soon, you mean weeks"
1753903509,sadness,Facing Pessimism and hopelessness
1753903987,insomnia  ,i am liying awake for long periods at night
1753904398,sadness,is heading off to the fair
20331,fear,i am afraid of height
20332,fear,I am afraid of water
20333,fear,I am frequently watch  horror movies
20334,fear,I am afraid that I will the exam
20336,fear, I am afraid of traveling
20337,fear,"i am Feeling nervous, restless and tense"
20338,fear,I am feeling  attacked and threatened every time
20339,fear,I am frightend of leaving alone I house
20340,fear,I am frightend of darkness
20341,fear, I am afraid of moving from one place to another
20342,fear,I am feightend of loneliness
20343,fear, I am afraid of going to school
20344,fear,I am frightend of when someone attack me
20345,fear,I am afraid of leaving alone
20346,fear, I am afraid that my friend will leave me
20347,fear,I am afraid that I will drop from university
20348,fear,I am frightend from horror situation 
20349,fear,I am frightend from climbing on mountain
20350,fear,I am afraid of swimming
20351,fear,I am afraid of public speaking
20352,fear, i am unable to speak In public
20353,fear,I am panic in family gatherings
20354,fear,I am afraid of going to school
20356,fear,I can not go to school because mam will scold me
20357,fear, I am afraid of swimming
20358,fear,I am frightend of failing a course in exam
20359,fear,I am afraid from tragedies 
20360,fear,I am panic from accidents
20361,fear,sudden death of someone will panic me
20362,fear,Death of my realties will leave me in a panic
20363,fear,I am afraid of breakups
20364,fear,I am frightend for not worshiping the god
20365,fear,I have fear that I will die early
20366,fear,I have fear of killing by someone
20367,fear," I have Feelings of guilt, worthlessness, and helplessness"
20368,fear,I have fear that I will leave alone 
20369,fear, I am afraid that my friend I will die early 
20370,fear,I am in panic now because of frienship
20371,fear,I am afraid that I will soon experience heart attack
20372,fear,I am afarid that my mind will stop working
20373,fear,I am frightend that my app will crash
20374,fear,I am afraid that status of my FYP will be incomplete
20375,fear,I am afraid that my son will leave me
20376,fear,I have panic that my mother will leave my side
20377,fear,my brother will kill me
20378,fear,I have fear that I am suffering from cancer
20379,fear,I am in panic that I will see nightmares
20380,fear,my sister will me 
20381,fear,I am afraid that I will drown in river
20382,fear,I will see bad dreams kill 
20383,fear,I will loose my job
20384,fear,I will remain jobless
20385,fear,I will remian single forever
20386,fear,I will die eariler
20388,fear,I will lose the match
20389,fear,I will deom from my project
20390,fear,I will eradicate from my house
20391,fear,I will drown in sea 
20392,fear,I am afraid that from boating
20393,fear,I am afraid of reading books
20394,fear,"i am Feeling nervous, restless and tense"
20395,fear,I will face heart attack
20396,fear,my stomach will stop working
20397,fear,my  teacher will punish me
20398,fear,I am frightend that my huband will divorce me
20399,fear, I will stop breathing
20400,fear, I am panic from alarming conditionthat 
20401,fear,I am afraid from public gatherings
20402,fear,"i am Feeling nervous, restless and tense"
20403,fear,I will become poor
20404,fear,my husband will hurt me
20405,fear,my mobile phone will be stolen
20407,fear,my laptop will be stolen
20408,fear,my clothes will be stolen
20409,fear,no one will give me importance
20410,fear,I am afraid of leaving this world
20411,fear,afraid of being cheated
20412,fear,afraid of resticate from university
20413,fear,afraid of not following the orders of god
20414,fear,I am afraid that I will replaced by someone
20415,fear,I will suffer from diabeties
20416,fear,I have fear of beach
20417,fear,I am afraid that I will die on accident
20419,fear,"i am Feeling nervous, restless and tense"
20420,fear,I am afraid that we will lose match from india
20421,fear,India is afraid that we will conquer kashmir
20422,fear,I am afraid that I will ignore by someone
20423,fear,I am afraid that I will fail my entery test
20424,fear,my bag will be stolen
20425,fear,my laptop will stop working
20426,fear, I can't get a good job
20427,fear,my facebbok account will be banned
20428,fear,my fiverr account will be bannned 
20429,fear,I am afraid that I will cheated by my brother
20430,fear,I will alone in darkness
20431,fear,I will die tomorrow
20432,fear,I will remain unmarried
20432,fear,Is it terrorism to intimidate a populace? What case held 'coercion by people in uniform is per se intimidation'?
40786,socialMedia,"i check notifications of facebbok,youtube,twitter,instagram all the time"
40787,socialMedia,i spend a lot of time thinking about socialMedia or planning to use socialMedia
40788,socialMedia,i spend a lot of time thinking about socialMedia or planning to use socialMedia
40789,socialMedia,i spend a lot of time thinking about socialMedia or planning to use socialMedia
40780,socialMedia,i spend a lot of time thinking about socialMedia or planning to use socialMedia
40791,socialMedia,i feel urges to use socialMedia more and more
40792,socialMedia,i feel urges to use socialMedia more and more
40793,socialMedia,i feel urges to use socialMedia more and more
40794,socialMedia,Checking socialMedia is the first thing i do whenever i am free.
40795,socialMedia,Checking socialMedia is the first thing i do whenever i am free.
40796,socialMedia,Checking socialMedia is the first thing i do whenever i am free.
40797,socialMedia,socialMedia becomes part of my life.
40798,socialMedia,socialMedia becomes part of my life.
40799,socialMedia,socialMedia becomes part of my life.
40800,socialMedia,socialMedia is the first thing i do in the morning
40801,socialMedia,socialMedia is the first thing i do in the morning
40802,socialMedia,socialMedia is the first thing i do in the morning
40803,socialMedia,"i become moody, restless, irritable or depressed when i stop or decrease your Internet use"
40807,socialMedia,"i become moody, restless, irritable or depressed when i stop or decrease your Internet use"
40817,socialMedia,"i become moody, restless, irritable or depressed when i stop or decrease your Internet use"
40827,socialMedia,"i check my mobile phone every few minutes for any notification on Facebook, Twitter mentions and such."
40837,socialMedia,"i check my mobile phone every few minutes for any notification on Facebook, Twitter mentions and such."
40847,socialMedia,"i check my mobile phone every few minutes for any notification on Facebook, Twitter mentions and such."
40857,socialMedia,i feel upset when nobody comments on my updates in Facebook
40877,socialMedia,i feel upset when nobody comments on my updates in Facebook
40887,socialMedia,i feel upset when nobody comments on my updates in Facebook
40897,socialMedia,socialMedia has become part of my daily ritual; like sleeping and eating
40917,socialMedia,socialMedia has become part of my daily ritual; like sleeping and eating
40927,socialMedia,socialMedia has become part of my daily ritual; like sleeping and eating
40928,socialMedia,i wake up in the middle of the night to check my socialMedia for updates
40929,socialMedia,i wake up in the middle of the night to check my socialMedia for updates
40937,socialMedia,i wake up in the middle of the night to check my socialMedia for updates
40938,socialMedia,i become restless or troubled if unable to use socialMedia
40939,socialMedia,i become restless or troubled if unable to use socialMedia
40971,socialMedia,i become restless or troubled if unable to use socialMedia
40972,socialMedia,i use socialMedia to forget about personal problems
40973,socialMedia,i use socialMedia to forget about personal problems
40974,socialMedia,i use socialMedia to forget about personal problems
40975,socialMedia,i feel uncomfortable communicating with friends without using any socialMedia device
40976,socialMedia,i feel uncomfortable communicating with friends without using any socialMedia device
40977,socialMedia,i feel uncomfortable communicating with friends without using any socialMedia device
40978,socialMedia,i checked my phone and socialMedia everywhere i go
40979,socialMedia,i checked my phone and socialMedia everywhere i go
40980,socialMedia,i checked my phone and socialMedia everywhere i go
40981,socialMedia,i checked my phone and socialMedia everywhere i go
40982,socialMedia,i checked my phone and socialMedia everywhere i go
40982,socialMedia,i waste my time looking at nonsense and and youtube .
40983,socialMedia,i waste my time looking at nonsense and and youtube .
40984,socialMedia,i waste my time looking at nonsense and and youtube .
40985,socialMedia,"i check my mobile phone every few minutes for any notification on Facebook, Twitter mentions and such."
40986,socialMedia,"i check my mobile phone every few minutes for any notification on Facebook, Twitter mentions and such."
40987,socialMedia,"i check my mobile phone every few minutes for any notification on Facebook, Twitter mentions and such."
40988,socialMedia,"i check my mobile phone every few minutes for any notification on Facebook, Twitter mentions and such."
40989,socialMedia,"i check my mobile phone every few minutes for any notification on Facebook, Twitter mentions and such."
40990,socialMedia,"i like �Tweet�, �Insta�, �Pinned�, �Updates�, �Hashtags� suddenly has become part of my socialMedia life."
40991,socialMedia,"I  like �Tweet�, �Insta�, �Pinned�, �Updates�, �Hashtags� suddenly has become part of my socialMedia life."
40992,socialMedia,"i like �Tweet�, �Insta�, �Pinned�, �Updates�, �Hashtags� suddenly has become part of my socialMedia life."
40992,socialMedia,Checking socialMedia is the first thing i do whenever i am free.
40993,socialMedia,Checking socialMedia is the first thing i do whenever i am free.
40994,socialMedia,Checking socialMedia is the first thing i do whenever i am free.
40995,socialMedia,i checked my phone and socialMedia all the time everywhere i go
40996,socialMedia,i checked my phone and socialMedia all the time everywhere i go
40997,socialMedia,i checked my phone and socialMedia all the time everywhere i go
40998,socialMedia,i use whatsapp all the time everywhere i go
40998,socialMedia,i use fecebook all the time everywhere i go
40999,socialMedia,i use whatsapp all the time everywhere i go
41000,socialMedia,i use instagram all the time everywhere i go
41001,socialMedia,i use most of time in social media all the time everywhere i go
41002,socialMedia,i am not able to concentrate in study because most of time spend in social media
41003,socialMedia,I spend alot of time in using facebook
41004,socialMedia,i Do spend a lot of time thinking about social media or planning to use social media?
41005,socialMedia,i Do feel urges to use social media more and more?
41006,socialMedia,i use social media to forget about personal problems?
41007,socialMedia,i often try to reduce use of social media without success?
41008,socialMedia,i become restless or troubled if unable to use social media?
41009,socialMedia,i use social media so much that it has had a negative impact on their job or studies?
41010,socialMedia,"i am facing Overeating, or appetite loss"
41011,socialMedia,"suffering from Trouble thinking, concentrating, making decisions and r"
41012,socialMedia,"suffering from Trouble thinking, concentrating, making decisions and r"
41013,socialMedia,Having a difficult time concentrating or remembering things.
41014,socialMedia,Having a difficult time concentrating or remembering things.
10016,anger, I am furious due to bad traffic
10017,anger,I am furious due to traffic jam
10018,anger,I am irritated by bad behaviour of people
10019,anger,I am angry that my teacher deeduct my marks for no reason
10020,anger,I am irritated by bad  people
10021,anger,my blood is boiling
10022,anger,I am furious that my friend deceive
10023,anger,I am angry that my brother cheat me
10024,anger,I am furious that my father was murdered by someone
10025,anger,I am furious that my account is restricted
10026,anger,my brother was beaten by somone
10027,anger,my friend is not avoiding me
10028,anger,I am furious that I failed my exam
10029,anger,I get so angry when someone throughs their garbage on road
10030,anger," boiling up inside, its not gonna be good when I let it out."
10031,anger,my father is so furious on me
10032,anger,my coordinator change my section 
10033,anger,my friend has broke m phone
10034,anger,I am furious that my brother dropped my phone into river
10035,anger,my sister delete my data in my phone gallary
10036,anger,I am angry on his attitude towards me
10037,anger, I am furious that he slaped me in bazar
10038,anger, I am so angry that my mother change my bedroom location
10039,anger,I am  fed up of online shopping
10040,anger,I am furios that I lost my phone
10041,anger,I am angry that I lost my watch
10042,anger,I am furious that I miss my van
10043,anger,I am furious on my selfish friends
10044,anger,I am inflammed by ragging
10045,anger,i feel furious
10046,anger,I am not able to login to facebbok
10047,anger,I am not able to login to instagram
10048,anger,I am furious that mt accout is bannned by upwork
10049,anger,People irritate my  soul
10050,anger,Im so angry 
10051,anger,People  irritate me
10052,anger," you are a cruel, cruel man. #therewillbeblood #revenge"
10053,anger,Go to hell
10054,anger, I am furious that he ruined me
10055,anger,I am angry that I lose my match
10056,anger,I am angry that pakistan lost the toss against india
10057,anger,I am angry that I fail entry test
10058,anger,I am angry that met the accident
10059,anger,my broher is furious on me because I fail the test 
10060,anger, I am furious on my brother because he killed my pet
10061,anger,i am facing Stress
10062,anger,So angry I wanna cry
10063,anger,OOOOOOOOH MY GOD
10064,anger,I am angry that my friend broke my laptop
10065,anger,I am angry that I am not appreciated for my hard work
10066,anger,my father did not apprecite me for my hard work
10067,anger,I am fed up of relations
10068,anger,I am furious that I am jobless from 3 years
10069,anger,I am not able to work from past 2 days due to anger
10070,anger,I am furious that my wife is hoorible
10071,anger,I am angry that my husnabd is horrible
10072,anger,I am boiling inside due to their rude attitude
10073,anger,I am boiling inside due to leaving me alone on road
10074,anger,I am furious that there is no meal left for me
10075,anger,my car is stolen by someone
10076,anger,I am suufering from abuse
10077,anger,i am facing Stress
10078,anger,I am angry that I am suffering fron violance
10079,anger,i am facing Stress
10080,anger,I am angry that I am failing this course from past 2  years
10081,anger,I am furious that shopkepper give me spoiled vegetables
10083,anger,I am furious that shopkepper give me spoiled fruits
10084,anger,I am furios that I lost my cahrger
10085,anger,I am furious that my wife left me
10086,anger,i am facing Stress
10087,anger,I am furious that my husband left me
10088,anger,I am furios that I am not going to trip
10089,anger,my brother stole my money
10090,anger,my bank account is not working
10091,anger,I am furious that Atm is out of service
10092,anger,I am furious that my brother scolded me
10093,anger,I am furious that I am unable to take admission in my favourite college
10094,anger, I am angry that my brother is not giving my part of land 
10095,anger,I am furious that my brother sold my watch without my permission
10096,anger,i am facing Stress
10097,anger,I am angry that my mother left house
10098,anger,I failed my interview
10099,anger,I am not appericiated
10100,anger,I am furious that my wallet  was sneaked by someone
10101,anger,I am furious that university internet is not working 
10102,anger,I am furious that I am disgraced by people
10103,anger,I am furious that I was not going to pinic with my family
10105,anger,I am angry that my father did not give me money
10106,anger,Bloods boiling
10107,anger,I am furious that my father didn�t allow me for further education
10108,anger,I am inflammable that I missed my prayer
10109,anger,My friend didn't return back the money that he has borrowed
10110,anger, I am angr because my brother hit me
10111,anger,I am angry that my father hit me 
10113,anger,I am angry that player dropped the catch in match
10114,anger, I am furious that he is not returning my laptop
10115,anger,I am angry that student irritate me
10116,anger,I am furious due to unmature behaviour of teacher to his class
10117,anger,angry already
40000,sadness,Depression sucks
40001,sadness,Feeling worthless as always 
40002,sadness,Feeling worthless as always 
40003,sadness,My  has been really bad lately which is not good for my mental state. I feel very overwhelmed #anxiety #bipolar #depression
40004,sadness,Im think ima lay in bed all day and sulk. Life is hitting me to hard rn
40005,sadness,So when I try I fail... and when I don't try... I still fail... #confused and #lost
40006,sadness,Extreme sadness
40007,sadness,my life in one word is depressing
40008,insomnia  ,Panic attacks are the worst. Feeling really sick and still shaking. I should be a sleep. #anxiety #depression
40009,sadness,Feel so grim + ugly atm
40010,sadness,Honestly depression is kicking my ass lately..
40011,sadness,At my age all I see is gray. Is it gray because of my bad eyes or my perspective #depression  #healingjustice
40012,sadness,"After 3 idk why I start feeling so depress, sad and lonely."
40013,sadness,I sulk too much for my own good.
40014,sadness,A night where depression is winning... #depression #fml #help
40015,sadness,Going home is depressing
40016,sadness,We can't even grieve over one black body before another one pops up due to pig brutality
40017,sadness,It's a gloomy ass day
40018,sadness, wow I'm just really sadden by that. Terrible
40019,sadness,My heads still in Ibiza but my body is sat at me desk at work #depressing
40020,sadness, don't leave me #sad
40021,sadness,Depression sucks! 
40022,sadness,It's been a week of awful connectivity #unhappy #poorservice
40023,sadness,This the most depressing shit ever
40024,sadness,Sometimes The Worst Place You Can Be Is In Your Own Head.'\n\n#quotes #worstenemy #depression #thinktoomuch
40025,sadness," my service is down in Cleveland, OH. What's going on? #unhappy"
40026,sadness,What a sad evening - clearing out all of Harvey's cage and belongings. Now so final. Goodbye my little man.... #depressing
40027,sadness,When you have 15 doe run the opposite side of you 🙁 #depression
40028,sadness,The moment of the day when you have to start to plaster a smile in your face. #depression
40029,sadness,I hate when it's gloomy outside because it always gets me in a depressing mood
40030,sadness,People stealing things from my work out quite the damper on my day so now I am going to wear pajamas all day
40031,sadness, ring ring! #depression is here
40032,sadness,I am feeling Loss of interest in things once pleasurable
40033,sadness," yeah I'm sure it will, it's just so depressing having to talk to my parents over the phone instead of talking to them downstairs"
40034,sadness,| At home sick... 
40035,sadness,I wouldn't wish anxiety and depression even on the worst of people. It's not fun. #anxiety #depression
40036,sadness,sorry Main twitter im in depress
40037,sadness," I'm surrounded by those Trump voters. You're right, it is fucking terrifying. #redstate #despair"
40038,sadness,come to the funeral tomorrow at 12 to mourn the death of my gpa
40039,sadness," Jesus, you just made think that of all the Vols v fl games I've seen. I've never seen a win. #depression"
40040,sadness,I am feeling Loss of interest in things once pleasurable
40041,sadness,Thought I had a pretty solid GPA as a kin major and now that I look at the average for dpt programs I feel even more discouraged 😪
40042,sadness,depress 
40043,sadness,Lament a 
40044,sadness,Summer officially ends today. #sadness
40045,sadness,Well my evaluation came back and i am minimally effective. Student test scores on the PARCC sunk my eval. it's time for me to quit teaching
40046,sadness,"bad news fam, life is still hard and awful #depression #anxiety #atleastIhaveBuffy"
40047,sadness,"Oh, I should just 'get over' my #depression and 'be happy?' Don't you think I've tried that thousands of times already? You're not helping."
40048,sadness,Im really constipated. This is depressing
40716,sadness,"Sometimes I can't believe I've made it this far.169 days!! I threw out my demons n got #sober #clean, n started #recovery.#Sobriety is #2."
40717,sadness,"All clouded out.\n\n Considering using a camera, 1) star trails 2) eyepiece projection."
40718,sadness,"Learning to trust God can quiet a troubled &amp; restless heart, bring peace to a weary soul, &amp; eliminate the hopelessness that #addiction is!"
40719,sadness,A pessimist sees the difficulty in every opportunity; an optimist sees the opportunity in every difficulty. \n― Winston S. Churchill #quote
40720,sadness,Alt-J - Hunger of the pine.
40721,sadness,these grown ass lil boys yeah i can't take them serious.
40722,sadness,"Be strong &amp; courageous. Do not be terrified or discouraged, for the LORD your God will be with you wherever you go."
40723,sadness,Let the #MrRobot binge begin. #nerdshow #compelling #dark
40724,sadness,Anyway I'm in a car with a furious white men and I have a really funny story to tell when I'm sober 😂
40725,sadness,"#RiceFODays now I am Alex Butler's class on financial management. Starts off with a great, relevant class discussion: movies and sunk costs"
40726,sadness,"There is no dark side in the moon. In fact, it's all dark.'\nGerry O'Driscoll at the end of 'The Dark side of the Moon'"
40727,sadness, second artist announcement looking good #bluesfest2017  #Music #byronbay
40728,sadness,now playing yung fav song ni chavs #sober 😂
40729,sadness," 'the darkest of nights can be bright, the solemn of faces lights up with a smile'. -@Totemprince believe in me, as I do in you"
40730,sadness, don't get discouraged! it's early on &amp; it can get overwhelming. keep reading &amp; use cue cards 😊 it'll get better!!
40731,sadness,Damn gud #premiere #LethalWeapon...#funny and 
40732,sadness,I can't mourn Kid Cudi cause we have Travis Scott...
40733,sadness,"Be joyful in hope, patient in affliction, faithful in prayer. Romans 12:12"
40734,sadness,those who trust in the Lord will find new strength.\nThey will soar high on wings like eagles.\nThey will run and not grow weary.
40735,sadness," It's our job, the job of people who r still sane,still ok in life, to help the lost to find themselves &amp; love eachother"
40736,sadness,Unmatched Party Specialist /co @T3RevNeverEnd #serious #job #titles
40737,sadness,"Honestly don't give af who wins out of us and pine, I'm just worried about getting drunk Saturday night😂"
40738,sadness,I don't think Luca understands how serious I am about Fall....he has no idea what's in store for him 😂😂
40739,sadness,I keep feeling the heaviness on my left hand and look down and I am in awe every single time 😍💍 #notusedtoit #imafiancée #wut
40740,sadness,the rappers who stayed true to the game is rich.
40741,sadness,oyeah if you want to become obese it is! 😅 I can afford it so I don't think it's that serious haha
40742,sadness, Having a difficult time concentrating or remembering things.
40743,sadness,The difference between someone's selfies when they're happy vs. unhappy is absolutely amazing.
40744,sadness,"i am facing Overeating, or appetite loss"
40745,sadness,"i am facing Overeating, or appetite loss"
40746,sadness, ohh silver lake came up a lot on there! Is that where you guys stayed?
40747,sadness,"of course! This is a happy hentai, not a sad or gloomy one"
40748,sadness,Room linc the sink
40749,sadness,"i am facing Overeating, or appetite loss"
40750,sadness,We stayed up all night long\nMade our drinks too strong\nFeeling ten feet tall\nRopes swinging into the water\nIn the middle of the night
40751,sadness,why do i have such a thing for dark curly hAIR
40752,sadness,Well i did hear once before that girls are attracted to men that look like their dad!  👌 #serious
40753,sadness,"A tummy full of steak, wine, key lime pine and cuddles on tap. What a way to turn around a stressful Wednesday 💛"
40754,sadness,Free live music in DC tonight!  #blues with #MoonshineSociety at @thehamiltondc in the Loft starting at 10:30pm @FreeinDCBlog @WTOPFreebies
40755,sadness, hannah stop being mournful and chill 💁
40756,sadness, Read my #fanfiction if you like #lost and #housemd I have one of each #tvshow -link in bio!
40757,sadness, will this be aired on radio or filmed? Lots of fans over the pond too! #wales 
40758,sadness,Very long day. Thank goodness for Bake Off to brighten up a weary Wednesday ☺ #GBBO
40759,sadness,"TONIGHT - Fulford Arms, York \nTOMORROW - Bank Top Tavern, Oldham\nNEXT SATURDAY- Big Hands, Manchester \n\n#livemusic #punk #blues #rockandroll"
40760,sadness,"I'm so proud he understands this, he shows love, thought and compassion    and it's not done in a clouded way.."
40761,sadness,blues bar
40762,sadness," she's ahead in the polls &amp; after Trumps dismal performance at upcoming debate, it will be an easy win for Hillary."
40763,sadness, roast them. Then risotto with sage and pine nuts
40765,sadness,Good morning chirpy #SpringEquinox and your pensive sister #AutumnEquinox A perfect day however it is expressed 🌹🍁🌓☯️ #theBeautyofBalance
40766,sadness,also who has amazon prime that would like to help a girl out LOL #serious
40767,sadness,I added Paul Walker on Xbox but he just spends all of his time on the dashboard.  #humor #funny
40768,sadness,"Nice to see Balotelli back to his best, good player.. Just lost his way a bit!"
40769,sadness, ha freshers blues would love to re do all again ... ha nice tshirt .. vote for Pedro
40770,sadness,What do you get when you cross an #apple tree and a #pine tree? 🍎🌲\nNothing. You can't cross-pollinate #deciduous and #coniferous #trees.
40771,sadness,"Please bear with me, I'm not Twitter savvy😝 in real life I'm a Facebook person. Help me gain followers 🤓 #blog #selfhelp "
40772,sadness, even when we're fighting I'm laughing. I probably have serious ingrained issues😂🤗
40773,sadness,"i am facing Overeating, or appetite loss"
40774,sadness,Never a dull moment when talking to Nel
40775,sadness,Never dull moment here
40776,sadness,"i am facing Overeating, or appetite loss"
40777,sadness, Great to have you as our tournament chair and award was #serious
40778,sadness, the red one would look super pretty with a bronzy glowy nude lip makeup look! 3rd black would be pretty with a dark lip! 😍
40779,sadness, hmu need players for lans next year. DM me. Need serious players. Im under org
40780,sadness,"i am facing Overeating, or appetite loss"
40781,sadness,"suffering from Trouble thinking, concentrating, making decisions and r"
40782,sadness,"suffering from Trouble thinking, concentrating, making decisions and r"
40783,sadness,Having a difficult time concentrating or remembering things.
40784,sadness,Having a difficult time concentrating or remembering things.
40785,sadness,i am Not enjoying things that used to give you joy.
